{
    "_comment": {
        "lower": "The lower bound of parameters",
        "upper": "The upper bound of parameters",
        "param_type": "int, float, str, bool",
        "log": "scale: If True, log, otherwise uniform",
        "q": "The quantization parameter",
        "sequence": "List of numbers that can be taken",
        "choices": "The choices for categorical parameters",
        "dataclass": "The choices for categorical parameters in dataclass",
        "ignore": "Whether we ignore this parameter or not",
        "default_value": "The default value for this parameter",
        "meta": "Meta information such as log-scale for ordinal"
    },
    "init_lr": {
        "param_type": "float",
        "sequence": [
            5e-4,
            1e-3,
            5e-3,
            1e-2,
            5e-2,
            1e-1
        ],
        "ignore": "False",
        "default_value": 5e-2,
        "meta": {
            "lower": 5e-4,
            "upper": 1e-1,
            "log": "True"
        }
    },
    "lr_schedule": {
        "param_type": "str",
        "choices": [
            "cosine",
            "const"
        ],
        "ignore": "False",
        "default_value": "cosine"
    },
    "batch_size": {
        "param_type": "int",
        "sequence": [
            8,
            16,
            32,
            64
        ],
        "ignore": "False",
        "default_value": 32,
        "meta": {
            "lower": 8,
            "upper": 64,
            "log": "True"
        }
    },
    "activation_fn_1": {
        "param_type": "str",
        "choices": [
            "relu",
            "tanh"
        ],
        "ignore": "False",
        "default_value": "relu"
    },
    "activation_fn_2": {
        "param_type": "str",
        "choices": [
            "relu",
            "tanh"
        ],
        "ignore": "False",
        "default_value": "relu"
    },
    "dropout_1": {
        "param_type": "float",
        "sequence": [
            0.0,
            0.3,
            0.6
        ],
        "ignore": "False",
        "default_value": 0.3,
        "meta": {
            "lower": 0.0,
            "upper": 0.6,
            "q": 0.3,
            "log": "False"
        }
    },
    "dropout_2": {
        "param_type": "float",
        "sequence": [
            0.0,
            0.3,
            0.6
        ],
        "ignore": "False",
        "default_value": 0.3,
        "meta": {
            "lower": 0.0,
            "upper": 0.6,
            "q": 0.3,
            "log": "False"
        }
    },
    "n_units_1": {
        "param_type": "int",
        "sequence": [
            16,
            32,
            64,
            128,
            256,
            512
        ],
        "ignore": "False",
        "default_value": 64,
        "meta": {
            "lower": 16,
            "upper": 512,
            "log": "True"
        }
    },
    "n_units_2": {
        "param_type": "int",
        "sequence": [
            16,
            32,
            64,
            128,
            256,
            512
        ],
        "ignore": "False",
        "default_value": 64,
        "meta": {
            "lower": 16,
            "upper": 512,
            "log": "True"
        }
    }
}