{
    "_comment": {
        "lower": "The lower bound of parameters",
        "upper": "The upper bound of parameters",
        "param_type": "int, float, str, bool",
        "log": "scale: If True, log, otherwise uniform",
        "q": "The quantization parameter",
        "sequence": "List of numbers that can be taken",
        "choices": "The choices for categorical parameters",
        "dataclass": "The choices for categorical parameters in dataclass",
        "ignore": "Whether we ignore this parameter or not",
        "default_value": "The default value for this parameter",
        "meta": "Meta information such as log-scale for ordinal"
    },
    "op_node_0": {
        "param_type": "str",
        "choices": [
            "conv1x1-bn-relu",
            "conv3x3-bn-relu",
            "maxpool3x3"
        ],
        "ignore": "False",
        "default_value": "conv3x3-bn-relu"
    },
    "op_node_1": {
        "param_type": "str",
        "choices": [
            "conv1x1-bn-relu",
            "conv3x3-bn-relu",
            "maxpool3x3"
        ],
        "ignore": "False",
        "default_value": "conv3x3-bn-relu"
    },
    "op_node_2": {
        "param_type": "str",
        "choices": [
            "conv1x1-bn-relu",
            "conv3x3-bn-relu",
            "maxpool3x3"
        ],
        "ignore": "False",
        "default_value": "conv3x3-bn-relu"
    },
    "op_node_3": {
        "param_type": "str",
        "choices": [
            "conv1x1-bn-relu",
            "conv3x3-bn-relu",
            "maxpool3x3"
        ],
        "ignore": "False",
        "default_value": "conv3x3-bn-relu"
    },
    "op_node_4": {
        "param_type": "str",
        "choices": [
            "conv1x1-bn-relu",
            "conv3x3-bn-relu",
            "maxpool3x3"
        ],
        "ignore": "False",
        "default_value": "conv3x3-bn-relu"
    },
    "n_edges": {
        "lower": 0,
        "upper": 9,
        "param_type": "int",
        "log": "False",
        "ignore": "False",
        "default_value": 9
    },
    "edge_0_1": {
        "lower": 0.0,
        "upper": 1.0,
        "param_type": "float",
        "log": "False",
        "ignore": "False",
        "default_value": 0.5
    },
    "edge_0_2": {
        "lower": 0.0,
        "upper": 1.0,
        "param_type": "float",
        "log": "False",
        "ignore": "False",
        "default_value": 0.5
    },
    "edge_0_3": {
        "lower": 0.0,
        "upper": 1.0,
        "param_type": "float",
        "log": "False",
        "ignore": "False",
        "default_value": 0.5
    },
    "edge_0_4": {
        "lower": 0.0,
        "upper": 1.0,
        "param_type": "float",
        "log": "False",
        "ignore": "False",
        "default_value": 0.5
    },
    "edge_0_5": {
        "lower": 0.0,
        "upper": 1.0,
        "param_type": "float",
        "log": "False",
        "ignore": "False",
        "default_value": 0.5
    },
    "edge_0_6": {
        "lower": 0.0,
        "upper": 1.0,
        "param_type": "float",
        "log": "False",
        "ignore": "False",
        "default_value": 0.5
    },
    "edge_1_2": {
        "lower": 0.0,
        "upper": 1.0,
        "param_type": "float",
        "log": "False",
        "ignore": "False",
        "default_value": 0.5
    },
    "edge_1_3": {
        "lower": 0.0,
        "upper": 1.0,
        "param_type": "float",
        "log": "False",
        "ignore": "False",
        "default_value": 0.5
    },
    "edge_1_4": {
        "lower": 0.0,
        "upper": 1.0,
        "param_type": "float",
        "log": "False",
        "ignore": "False",
        "default_value": 0.5
    },
    "edge_1_5": {
        "lower": 0.0,
        "upper": 1.0,
        "param_type": "float",
        "log": "False",
        "ignore": "False",
        "default_value": 0.5
    },
    "edge_1_6": {
        "lower": 0.0,
        "upper": 1.0,
        "param_type": "float",
        "log": "False",
        "ignore": "False",
        "default_value": 0.5
    },
    "edge_2_3": {
        "lower": 0.0,
        "upper": 1.0,
        "param_type": "float",
        "log": "False",
        "ignore": "False",
        "default_value": 0.5
    },
    "edge_2_4": {
        "lower": 0.0,
        "upper": 1.0,
        "param_type": "float",
        "log": "False",
        "ignore": "False",
        "default_value": 0.5
    },
    "edge_2_5": {
        "lower": 0.0,
        "upper": 1.0,
        "param_type": "float",
        "log": "False",
        "ignore": "False",
        "default_value": 0.5
    },
    "edge_2_6": {
        "lower": 0.0,
        "upper": 1.0,
        "param_type": "float",
        "log": "False",
        "ignore": "False",
        "default_value": 0.5
    },
    "edge_3_4": {
        "lower": 0.0,
        "upper": 1.0,
        "param_type": "float",
        "log": "False",
        "ignore": "False",
        "default_value": 0.5
    },
    "edge_3_5": {
        "lower": 0.0,
        "upper": 1.0,
        "param_type": "float",
        "log": "False",
        "ignore": "False",
        "default_value": 0.5
    },
    "edge_3_6": {
        "lower": 0.0,
        "upper": 1.0,
        "param_type": "float",
        "log": "False",
        "ignore": "False",
        "default_value": 0.5
    },
    "edge_4_5": {
        "lower": 0.0,
        "upper": 1.0,
        "param_type": "float",
        "log": "False",
        "ignore": "False",
        "default_value": 0.5
    },
    "edge_4_6": {
        "lower": 0.0,
        "upper": 1.0,
        "param_type": "float",
        "log": "False",
        "ignore": "False",
        "default_value": 0.5
    },
    "edge_5_6": {
        "lower": 0.0,
        "upper": 1.0,
        "param_type": "float",
        "log": "False",
        "ignore": "False",
        "default_value": 0.5
    }
}