{
    "application_name": "cifar10B",
    "optimization_objectives": [
        "loss"
    ],
    "feasible_output": {
        "enable_feasible_predictor": true,
        "name": "Valid",
        "true_value": "True",
        "false_value": "False"
    },
    "optimization_iterations": 190,
    "number_of_cpus": 1,
    "local_search_starting_points": 3,
    "local_search_random_points": 100,
    "input_parameters": {
        "op_node_0": {
            "parameter_type": "categorical",
            "values": [
                0,
                1,
                2
            ]
        },
        "op_node_1": {
            "parameter_type": "categorical",
            "values": [
                0,
                1,
                2
            ]
        },
        "op_node_2": {
            "parameter_type": "categorical",
            "values": [
                0,
                1,
                2
            ]
        },
        "op_node_3": {
            "parameter_type": "categorical",
            "values": [
                0,
                1,
                2
            ]
        },
        "op_node_4": {
            "parameter_type": "categorical",
            "values": [
                0,
                1,
                2
            ]
        },
        "edge_0": {
            "parameter_type": "categorical",
            "values": [
                0,
                1,
                2,
                3,
                4,
                5,
                6,
                7,
                8,
                9,
                10,
                11,
                12,
                13,
                14,
                15,
                16,
                17,
                18,
                19,
                20
            ]
        },
        "edge_1": {
            "parameter_type": "categorical",
            "values": [
                0,
                1,
                2,
                3,
                4,
                5,
                6,
                7,
                8,
                9,
                10,
                11,
                12,
                13,
                14,
                15,
                16,
                17,
                18,
                19,
                20
            ]
        },
        "edge_2": {
            "parameter_type": "categorical",
            "values": [
                0,
                1,
                2,
                3,
                4,
                5,
                6,
                7,
                8,
                9,
                10,
                11,
                12,
                13,
                14,
                15,
                16,
                17,
                18,
                19,
                20
            ]
        },
        "edge_3": {
            "parameter_type": "categorical",
            "values": [
                0,
                1,
                2,
                3,
                4,
                5,
                6,
                7,
                8,
                9,
                10,
                11,
                12,
                13,
                14,
                15,
                16,
                17,
                18,
                19,
                20
            ]
        },
        "edge_4": {
            "parameter_type": "categorical",
            "values": [
                0,
                1,
                2,
                3,
                4,
                5,
                6,
                7,
                8,
                9,
                10,
                11,
                12,
                13,
                14,
                15,
                16,
                17,
                18,
                19,
                20
            ]
        },
        "edge_5": {
            "parameter_type": "categorical",
            "values": [
                0,
                1,
                2,
                3,
                4,
                5,
                6,
                7,
                8,
                9,
                10,
                11,
                12,
                13,
                14,
                15,
                16,
                17,
                18,
                19,
                20
            ]
        },
        "edge_6": {
            "parameter_type": "categorical",
            "values": [
                0,
                1,
                2,
                3,
                4,
                5,
                6,
                7,
                8,
                9,
                10,
                11,
                12,
                13,
                14,
                15,
                16,
                17,
                18,
                19,
                20
            ]
        },
        "edge_7": {
            "parameter_type": "categorical",
            "values": [
                0,
                1,
                2,
                3,
                4,
                5,
                6,
                7,
                8,
                9,
                10,
                11,
                12,
                13,
                14,
                15,
                16,
                17,
                18,
                19,
                20
            ]
        },
        "edge_8": {
            "parameter_type": "categorical",
            "values": [
                0,
                1,
                2,
                3,
                4,
                5,
                6,
                7,
                8,
                9,
                10,
                11,
                12,
                13,
                14,
                15,
                16,
                17,
                18,
                19,
                20
            ]
        }
    }
}