{
    "_comment": {
        "lower": "The lower bound of parameters",
        "upper": "The upper bound of parameters",
        "param_type": "int, float, str, bool",
        "log": "scale: If True, log, otherwise uniform",
        "q": "The quantization parameter",
        "sequence": "List of numbers that can be taken",
        "choices": "The choices for categorical parameters",
        "dataclass": "The choices for categorical parameters in dataclass",
        "ignore": "Whether we ignore this parameter or not",
        "default_value": "The default value for this parameter",
        "meta": "Meta information such as log-scale for ordinal"
    },
    "op_node_0": {
        "param_type": "str",
        "choices": [
            "conv1x1-bn-relu",
            "conv3x3-bn-relu",
            "maxpool3x3"
        ],
        "ignore": "False",
        "default_value": "conv3x3-bn-relu"
    },
    "op_node_1": {
        "param_type": "str",
        "choices": [
            "conv1x1-bn-relu",
            "conv3x3-bn-relu",
            "maxpool3x3"
        ],
        "ignore": "False",
        "default_value": "conv3x3-bn-relu"
    },
    "op_node_2": {
        "param_type": "str",
        "choices": [
            "conv1x1-bn-relu",
            "conv3x3-bn-relu",
            "maxpool3x3"
        ],
        "ignore": "False",
        "default_value": "conv3x3-bn-relu"
    },
    "op_node_3": {
        "param_type": "str",
        "choices": [
            "conv1x1-bn-relu",
            "conv3x3-bn-relu",
            "maxpool3x3"
        ],
        "ignore": "False",
        "default_value": "conv3x3-bn-relu"
    },
    "op_node_4": {
        "param_type": "str",
        "choices": [
            "conv1x1-bn-relu",
            "conv3x3-bn-relu",
            "maxpool3x3"
        ],
        "ignore": "False",
        "default_value": "conv3x3-bn-relu"
    },
    "edge_0": {
        "param_type": "str",
        "choices": [
            "0",
            "1",
            "2",
            "3",
            "4",
            "5",
            "6",
            "7",
            "8",
            "9",
            "10",
            "11",
            "12",
            "13",
            "14",
            "15",
            "16",
            "17",
            "18",
            "19",
            "20"
        ],
        "ignore": "False",
        "default_value": "0"
    },
    "edge_1": {
        "param_type": "str",
        "choices": [
            "0",
            "1",
            "2",
            "3",
            "4",
            "5",
            "6",
            "7",
            "8",
            "9",
            "10",
            "11",
            "12",
            "13",
            "14",
            "15",
            "16",
            "17",
            "18",
            "19",
            "20"
        ],
        "ignore": "False",
        "default_value": "0"
    },
    "edge_2": {
        "param_type": "str",
        "choices": [
            "0",
            "1",
            "2",
            "3",
            "4",
            "5",
            "6",
            "7",
            "8",
            "9",
            "10",
            "11",
            "12",
            "13",
            "14",
            "15",
            "16",
            "17",
            "18",
            "19",
            "20"
        ],
        "ignore": "False",
        "default_value": "0"
    },
    "edge_3": {
        "param_type": "str",
        "choices": [
            "0",
            "1",
            "2",
            "3",
            "4",
            "5",
            "6",
            "7",
            "8",
            "9",
            "10",
            "11",
            "12",
            "13",
            "14",
            "15",
            "16",
            "17",
            "18",
            "19",
            "20"
        ],
        "ignore": "False",
        "default_value": "0"
    },
    "edge_4": {
        "param_type": "str",
        "choices": [
            "0",
            "1",
            "2",
            "3",
            "4",
            "5",
            "6",
            "7",
            "8",
            "9",
            "10",
            "11",
            "12",
            "13",
            "14",
            "15",
            "16",
            "17",
            "18",
            "19",
            "20"
        ],
        "ignore": "False",
        "default_value": "0"
    },
    "edge_5": {
        "param_type": "str",
        "choices": [
            "0",
            "1",
            "2",
            "3",
            "4",
            "5",
            "6",
            "7",
            "8",
            "9",
            "10",
            "11",
            "12",
            "13",
            "14",
            "15",
            "16",
            "17",
            "18",
            "19",
            "20"
        ],
        "ignore": "False",
        "default_value": "0"
    },
    "edge_6": {
        "param_type": "str",
        "choices": [
            "0",
            "1",
            "2",
            "3",
            "4",
            "5",
            "6",
            "7",
            "8",
            "9",
            "10",
            "11",
            "12",
            "13",
            "14",
            "15",
            "16",
            "17",
            "18",
            "19",
            "20"
        ],
        "ignore": "False",
        "default_value": "0"
    },
    "edge_7": {
        "param_type": "str",
        "choices": [
            "0",
            "1",
            "2",
            "3",
            "4",
            "5",
            "6",
            "7",
            "8",
            "9",
            "10",
            "11",
            "12",
            "13",
            "14",
            "15",
            "16",
            "17",
            "18",
            "19",
            "20"
        ],
        "ignore": "False",
        "default_value": "0"
    },
    "edge_8": {
        "param_type": "str",
        "choices": [
            "0",
            "1",
            "2",
            "3",
            "4",
            "5",
            "6",
            "7",
            "8",
            "9",
            "10",
            "11",
            "12",
            "13",
            "14",
            "15",
            "16",
            "17",
            "18",
            "19",
            "20"
        ],
        "ignore": "False",
        "default_value": "0"
    }
}